title,rating,number_of_reviews,address,review,hasDelivery,hasTakeaway,hasDineIn,category,status,url,long,lat,country
Natter Coffee & Gelato,6,111,"124 Tg Pagar Rd, Singapore 088533",Good option for ice cream and coffee. Decor kinda sucks though,False,True,True,Coffee shop,Open,"https://www.google.com/maps/place/Natter+Coffee+%26+Gelato/@1.2777367,103.8250358,15z/data=!3m1!4b1!4m11!1m3!11m2!2sdn7Ze7TPBCYxDW6LxM8MToH1tZOu-Q!3e3!3m6!1s0x31da19c274b310f7:0xe1a05eb982c44561!8m2!3d1.2777153!4d103.8434897!15sCgEqWgMiASqSAQtjb2ZmZWVfc2hvcOABAA!16s%2Fg%2F11swmd6x2f?entry=ttu",1.2777153,103.8434897,Singapore
Kinki Restaurant + Bar,5,1220,"70, #02-02 Collyer Quay, Customs House, 049323",3/5 - You pay for the view but the food isnt amazingly mindblowing for the price,False,True,True,Japanese restaurant,Open,"https://www.google.com/maps/place/Kinki+Restaurant+%2B+Bar/@1.2825127,103.8350214,15z/data=!3m2!4b1!5s0x31da190ede81514d:0x1a28cafe88efbdb3!4m11!1m3!11m2!2sdn7Ze7TPBCYxDW6LxM8MToH1tZOu-Q!3e3!3m6!1s0x31da190efd61c3a3:0xd0e6c9ca38b6d438!8m2!3d1.2824913!4d103.8534753!15sCgEqWgMiASqSARNqYXBhbmVzZV9yZXN0YXVyYW504AEA!16s%2Fg%2F1tmqcr1m?entry=ttu",1.2824913,103.8534753,Singapore
Pastaria Abate,5,1563,"86 Neil Rd, Singapore 088846","3/5 - Only good for the miles and even then, not fantastic",True,True,True,Restaurant,Open,"https://www.google.com/maps/place/Pastaria+Abate/@1.2796254,103.8237188,15z/data=!3m1!4b1!4m11!1m3!11m2!2sdn7Ze7TPBCYxDW6LxM8MToH1tZOu-Q!3e3!3m6!1s0x31da196d08ff766f:0x865da486157e8055!8m2!3d1.279604!4d103.8421727!15sCgEqWgMiASqSAQpyZXN0YXVyYW504AEA!16s%2Fg%2F11g9qg04cw?entry=ttu",1.279604,103.8421727,Singapore
Underdog Inn,7,42,"115 Amoy Street, Gemmill Ln, #01-03 Along, 069935",4/5 - Nice environment chill vibes. Not sure of food,True,True,True,Restaurant,Open,"https://www.google.com/maps/place/Underdog+Inn/@1.2823088,103.8290314,15z/data=!3m1!4b1!4m11!1m3!11m2!2sdn7Ze7TPBCYxDW6LxM8MToH1tZOu-Q!3e3!3m6!1s0x31da19d2e557c3f1:0xe1de862a977224b2!8m2!3d1.2822874!4d103.8474853!15sCgEqWgMiASqSAQpyZXN0YXVyYW504AEA!16s%2Fg%2F11sdnxm2dp?entry=ttu",1.2822874,103.8474853,Singapore
Sonny's Pizza,5,173,"17 Circular Rd, Singapore 049373",3/5 - No frills bodega style pizza with some craft beer to match. Not fantastic but chill vibe with friends,True,True,True,Pizza restaurant,Open,"https://www.google.com/maps/place/Sonny's+Pizza/@1.287461,103.8304874,15z/data=!3m1!4b1!4m11!1m3!11m2!2sdn7Ze7TPBCYxDW6LxM8MToH1tZOu-Q!3e3!3m6!1s0x31da19fdfeac67c9:0xf0f62d07f2e3cff1!8m2!3d1.2874396!4d103.8489413!15sCgEqWgMiASqSARBwaXp6YV9yZXN0YXVyYW504AEA!16s%2Fg%2F11rkmykpwx?entry=ttu",1.2874396,103.8489413,Singapore
Los Amigos,4,226,"85 Circular Rd, #01-01, Singapore 049437",3/5 - relatively mid mexican food and nothing to be suprisrd about. Found it to be relatively underwhelming,True,True,True,Mexican restaurant,Open,"https://www.google.com/maps/place/Los+Amigos/@1.2874931,103.8303584,15z/data=!3m1!4b1!4m11!1m3!11m2!2sdn7Ze7TPBCYxDW6LxM8MToH1tZOu-Q!3e3!3m6!1s0x31da190b1c67589d:0x5308c60bf775b486!8m2!3d1.2874717!4d103.8488123!15sCgEqWgMiASqSARJtZXhpY2FuX3Jlc3RhdXJhbnTgAQA!16s%2Fg%2F11h3v6qvp_?entry=ttu",1.2874717,103.8488123,Singapore
French Fold Telok Ayer,8,2159,"204 Telok Ayer St, Singapore 068640",4/5 : Good solid crepes and nice ambience,True,True,True,Creperie,Open,"https://www.google.com/maps/place/French+Fold+Telok+Ayer/@1.2800922,103.8287338,15z/data=!3m1!4b1!4m11!1m3!11m2!2sdn7Ze7TPBCYxDW6LxM8MToH1tZOu-Q!3e3!3m6!1s0x31da19ffd2ae18a9:0x8696bf9098f2e4bc!8m2!3d1.2800708!4d103.8471877!15sCgEqWgMiASqSAQhjcmVwZXJpZeABAA!16s%2Fg%2F11jdvgts03?entry=ttu",1.2800708,103.8471877,Singapore
Alice Boulangerie,7,292,"12 Gopeng St, #01-05/11 Icon Village, Singapore 078877",mid,True,True,True,Bakery,Open,"https://www.google.com/maps/place/Alice+Boulangerie/@1.2752585,103.826018,15z/data=!3m2!4b1!5s0x31da196cac12a05f:0x45b31f25a205a3f7!4m11!1m3!11m2!2sdn7Ze7TPBCYxDW6LxM8MToH1tZOu-Q!3e3!3m6!1s0x31da197b4465f0e9:0xc4bc68ed814c3bb8!8m2!3d1.2752371!4d103.8444719!15sCgEqWgMiASqSAQZiYWtlcnngAQA!16s%2Fg%2F11p15n6n91?entry=ttu",1.2752371,103.8444719,Singapore
The Great Mischief,8,1482,"#01-17 National Gallery Singapore, 1 St Andrew's Rd, 178957",Chill vibes and decent coffee,True,True,True,Cafe,Open,"https://www.google.com/maps/place/The+Great+Mischief/@1.2906201,103.8335031,15z/data=!3m2!4b1!5s0x31da19a747b41251:0x97f68319eee7fd70!4m11!1m3!11m2!2sdn7Ze7TPBCYxDW6LxM8MToH1tZOu-Q!3e3!3m6!1s0x31da19b905b4c6d7:0x53d1850a743ab8c5!8m2!3d1.2905987!4d103.851957!15sCgEqWgMiASqSAQRjYWZl4AEA!16s%2Fg%2F11f24x6db4?entry=ttu",1.2905987,103.851957,Singapore
Birds of Paradise Gelato Boutique (Craig),6,243,"53 Craig Rd, #01-01, Singapore 089691",Rating 3.5/5 - Good white chrysanthemum flavors and solid selection,False,True,True,Ice cream shop,Open,"https://www.google.com/maps/place/Birds+of+Paradise+Gelato+Boutique+(Craig)/@1.2777862,103.823824,15z/data=!3m1!4b1!4m11!1m3!11m2!2sdn7Ze7TPBCYxDW6LxM8MToH1tZOu-Q!3e3!3m6!1s0x31da1991d139fd97:0xe3fc86d12d611868!8m2!3d1.2777648!4d103.8422779!15sCgEqWgMiASqSAQ5pY2VfY3JlYW1fc2hvcOABAA!16s%2Fg%2F11pvn_tt76?entry=ttu",1.2777648,103.8422779,Singapore
Bebek Tepi Sawah,7,2811,"Krisna Wisata Kuliner, Jl. Raya Tuban, Tuban, Kec. Kuta, Kabupaten Badung, Bali 80361, Indonesia",Solid 4.5/5 - High quality food and near to the airport,False,True,True,Balinese restaurant,Open,"https://www.google.com/maps/place/Bebek+Tepi+Sawah/@-8.7417327,115.1608164,15z/data=!3m1!4b1!4m11!1m3!11m2!2sdn7Ze7TPBCYxDW6LxM8MToH1tZOu-Q!3e3!3m6!1s0x2dd244051033e613:0x15b65710baa1b5e7!8m2!3d-8.7417544!4d115.1792703!15sCgEqWgMiASqSARNiYWxpbmVzZV9yZXN0YXVyYW504AEA!16s%2Fg%2F1ptxyhxsk?entry=ttu",-8.7417544,115.1792703,Indonesia
Darkness Dessert ÁîúÂìÅÂ±ã,6,192,"100 Tg Pagar Rd, Singapore 088521","Rating : 3.5/5 

Not too bad, sesame themed desserts were good but nothing speical.",False,False,True,Dessert restaurant,Open,"https://www.google.com/maps/place/Darkness+Dessert+%E7%94%9C%E5%93%81%E5%B1%8B/@1.2781515,103.825184,15z/data=!3m2!4b1!5s0x31da1912c41ee4c1:0xe7c976e95c550aff!4m11!1m3!11m2!2sdn7Ze7TPBCYxDW6LxM8MToH1tZOu-Q!3e3!3m6!1s0x31da190f10da798d:0xc5aa21190574037a!8m2!3d1.2781301!4d103.8436379!15sCgEqWgMiASqSARJkZXNzZXJ0X3Jlc3RhdXJhbnTgAQA!16s%2Fg%2F11swhg8njt?entry=ttu",1.2781301,103.8436379,Singapore
Graffiti Sky Bar,8,120,"1 Gopeng St, Level 29 Carlton City Hotel Singapore, Singapore 078862",Not bad happy hour ,False,True,True,Bar,Open,"https://www.google.com/maps/place/Graffiti+Sky+Bar/@1.2760961,103.8252894,15z/data=!3m2!4b1!5s0x31da196cbb8c4435:0x645b4be7c320d7d0!4m11!1m3!11m2!2sdn7Ze7TPBCYxDW6LxM8MToH1tZOu-Q!3e3!3m6!1s0x31da196cbc18d895:0x656abf18e5fda7a4!8m2!3d1.2760747!4d103.8437433!15sCgEqWgMiASqSAQNiYXLgAQA!16s%2Fg%2F11c5xndscj?entry=ttu",1.2760747,103.8437433,Singapore
LECOQ,6,194,"25 Church St, Singapore 049482","rating : 3.5/5 - food honestly isnt too bad, quite liked it ",True,True,True,Restaurant,Open,"https://www.google.com/maps/place/LECOQ/@1.2834921,103.8303144,15z/data=!3m2!4b1!5s0x31da19658f51d753:0x3b4bed8a7fd48546!4m11!1m3!11m2!2sdn7Ze7TPBCYxDW6LxM8MToH1tZOu-Q!3e3!3m6!1s0x31da19c73b518f77:0x977877ffd2cf024d!8m2!3d1.2834707!4d103.8487683!15sCgEqWgMiASqSAQpyZXN0YXVyYW504AEA!16s%2Fg%2F11h3l00dl6?entry=ttu",1.2834707,103.8487683,Singapore
Sago House,10,223,"40B Sago St, Singapore 059029",5/5 - solid choice for drinky drinky,True,True,True,Restaurant,Open,"https://www.google.com/maps/place/Sago+House/@1.2821243,103.8253287,15z/data=!3m2!4b1!5s0x31da19a3aefdce11:0x1e0cb1ceb5e53961!4m11!1m3!11m2!2sdn7Ze7TPBCYxDW6LxM8MToH1tZOu-Q!3e3!3m6!1s0x31da19a933bccaa1:0xa18246556acaf7d6!8m2!3d1.2821029!4d103.8437826!15sCgEqWgMiASqSAQpyZXN0YXVyYW504AEA!16s%2Fg%2F11jt9h5ql9?entry=ttu",1.2821029,103.8437826,Singapore
Buk Chang Dong (BCD) Soon Tofu (Ang Mo Kio),7,113,"721 Ang Mo Kio Ave 8, #8, Singapore 560721",Decent value for money taste and price wise ,True,True,True,Hawker Stall,Open,"https://www.google.com/maps/place/Buk+Chang+Dong+(BCD)+Soon+Tofu+(Ang+Mo+Kio)/@1.3725972,103.8293718,15z/data=!3m2!4b1!5s0x31da16e7b87d6009:0x63250c3f68d9a888!4m11!1m3!11m2!2sdn7Ze7TPBCYxDW6LxM8MToH1tZOu-Q!3e3!3m6!1s0x31da1723ebcc0b9f:0x22ab30dc0f9085a8!8m2!3d1.3725758!4d103.8478257!15sCgEqWgMiASqSAQxoYXdrZXJfc3RhbGzgAQA!16s%2Fg%2F11pkckwn4v?entry=ttu",1.3725758,103.8478257,Singapore
"Chef Wai's Poached Rice (Food Village @ B2, Takashimaya)",8,48,"391A Orchard Road, Ngee Ann City Tower A Takashimaya Department Store Stall No.3 Food Village Basement 2, 238873",Not too bad but a tad bit expensive ,False,True,True,Food court,Open,"https://www.google.com/maps/place/Chef+Wai's+Poached+Rice+(Food+Village+@+B2,+Takashimaya)/@1.3027284,103.8158351,15z/data=!3m2!4b1!5s0x31da1991ed68ade1:0xf5e44993330bc308!4m11!1m3!11m2!2sdn7Ze7TPBCYxDW6LxM8MToH1tZOu-Q!3e3!3m6!1s0x31da19523f12abdf:0xd9b047cab3bfaca!8m2!3d1.302707!4d103.834289!15sCgEqWgMiASqSAQpmb29kX2NvdXJ04AEA!16s%2Fg%2F11q1lsjdpf?entry=ttu",1.302707,103.834289,Singapore
Puck Provisions,8,59,"618 Serangoon Rd, #01-01, Singapore 218220",Chill and nice vibes ,False,True,True,Coffee store,Open,"https://www.google.com/maps/place/Puck+Provisions/@1.3156322,103.8402508,15z/data=!3m2!4b1!5s0x31da19cfb735612b:0xeaefbf02a682a933!4m11!1m3!11m2!2sdn7Ze7TPBCYxDW6LxM8MToH1tZOu-Q!3e3!3m6!1s0x31da199bcee9472d:0x448c09b0685fc83d!8m2!3d1.3156108!4d103.8587047!15sCgEqWgMiASqSAQxjb2ZmZWVfc3RvcmXgAQA!16s%2Fg%2F11rqg9psck?entry=ttu",1.3156108,103.8587047,Singapore
88 Hong Kong Roast Meat Specialist,8,1246,"308 Lavender St., Singapore 338814",Solid roast meat ,True,True,True,Meat dish restaurant,Open,"https://www.google.com/maps/place/88+Hong+Kong+Roast+Meat+Specialist/@1.3152672,103.841313,15z/data=!3m2!4b1!5s0x31da19ce51831c35:0x5290d14295ddc1c8!4m11!1m3!11m2!2sdn7Ze7TPBCYxDW6LxM8MToH1tZOu-Q!3e3!3m6!1s0x31da19c93a106849:0x6538717f3cc55569!8m2!3d1.3152458!4d103.8597669!15sCgEqWgMiASqSAQ9tZWF0X3Jlc3RhdXJhbnTgAQA!16s%2Fg%2F11cmcw_z6z?entry=ttu",1.3152458,103.8597669,Singapore
Rebel Rebel Wine Bar,8,116,"14 Bukit Pasoh Rd, Singapore 089828","Good lamb tartare, I can't appreciate wine though haha",True,True,True,Restaurant,Open,"https://www.google.com/maps/place/Rebel+Rebel+Wine+Bar/@1.27901,103.8225017,15z/data=!3m2!4b1!5s0x31da196d9173b6d5:0x271a1af9f33bc644!4m11!1m3!11m2!2sdn7Ze7TPBCYxDW6LxM8MToH1tZOu-Q!3e3!3m6!1s0x31da1902e1c83fe1:0x4f6da8ec9dcb81fa!8m2!3d1.2789886!4d103.8409556!15sCgEqWgMiASqSAQpyZXN0YXVyYW504AEA!16s%2Fg%2F11fstg6yvj?entry=ttu",1.2789886,103.8409556,Singapore
Man Man Japanese Unagi,5,1893,"6 Eu Tong Sen St, #B1 - 52 / 53, Singapore 059817","Rating: 3/5

Not fantastic or noteworthy stuff to be honest. I think it was just fine.",True,False,True,Restaurant,Open,"https://www.google.com/maps/place/Man+Man+Japanese+Unagi/@1.2892711,103.8283136,15z/data=!3m2!4b1!5s0x31da190a9a06657d:0xd9000cca56b304b8!4m11!1m3!11m2!2sdn7Ze7TPBCYxDW6LxM8MToH1tZOu-Q!3e3!3m6!1s0x31da19a0f6e96341:0x6b0009f3cd5d225a!8m2!3d1.2892497!4d103.8467675!15sCgEqWgMiASqSAQpyZXN0YXVyYW504AEA!16s%2Fg%2F11hzyxk4h0?entry=ttu",1.2892497,103.8467675,Singapore
Kapitan.sg | Best Slavic Cuisine - Maxwell Chambers,5,631,"32 Maxwell Rd, #01-05 Maxwell Chambers, Singapore 069115","Rating : 3.5/5

Dumplings are not bad but there's really not much to shout about at this place. I'd say that it's good but not remarkable.",True,True,True,Eastern European restaurant,Open,"https://www.google.com/maps/place/Kapitan.sg+%7C+Best+Slavic+Cuisine+-+Maxwell+Chambers/@1.2772611,103.8279204,15z/data=!3m2!4b1!5s0x31da1a3e4b34db7d:0xbfac8d45f133f14e!4m11!1m3!11m2!2sdn7Ze7TPBCYxDW6LxM8MToH1tZOu-Q!3e3!3m6!1s0x31da196bfed85857:0x1a634d11e6b9d9d8!8m2!3d1.2772397!4d103.8463743!15sCgEqWgMiASqSARtlYXN0ZXJuX2V1cm9wZWFuX3Jlc3RhdXJhbnTgAQA!16s%2Fg%2F11k03j5bxk?entry=ttu",1.2772397,103.8463743,Singapore
Todamgol Restaurant,7,550,"31 Tg Pagar Rd, #01-01, Singapore 088454",Good solid meal and side dishes are dope ,False,True,True,Korean restaurant,Open,"https://www.google.com/maps/place/Todamgol+Restaurant/@1.2793016,103.8255567,15z/data=!3m2!4b1!5s0x31da196cd6fdf57f:0x78706161cb9e1044!4m11!1m3!11m2!2sdn7Ze7TPBCYxDW6LxM8MToH1tZOu-Q!3e3!3m6!1s0x31da196d5ac464e1:0x843453fce97a202b!8m2!3d1.2792802!4d103.8440106!15sCgEqWgMiASqSARFrb3JlYW5fcmVzdGF1cmFudOABAA!16s%2Fg%2F1hc6lxvjm?entry=ttu",1.2792802,103.8440106,Singapore
Pinhole Coffee Bar,5,206,"27 Purvis St, #01-02, Singapore 188604",Cute place but seating is not really plentiful. Really cute hole in the wall thoughz,True,False,True,Cafe,Open,"https://www.google.com/maps/place/Pinhole+Coffee+Bar/@1.29632,103.8368471,15z/data=!3m1!4b1!4m11!1m3!11m2!2sdn7Ze7TPBCYxDW6LxM8MToH1tZOu-Q!3e3!3m6!1s0x31da19570a53c3cf:0x1d350b903afeb7e8!8m2!3d1.2962986!4d103.855301!15sCgEqWgMiASqSAQRjYWZl4AEA!16s%2Fg%2F11s0wm62bt?entry=ttu",1.2962986,103.855301,Singapore
Wild Child Pizzette,4,183,"50 Circular Rd, Singapore 049405","Not great honestly, quite forgettable ",True,True,True,Pizza restaurant,Open,"https://www.google.com/maps/place/Wild+Child+Pizzette/@1.2859623,103.8311492,15z/data=!3m2!4b1!5s0x31da190bc4396fab:0xebe1e7064063b036!4m11!1m3!11m2!2sdn7Ze7TPBCYxDW6LxM8MToH1tZOu-Q!3e3!3m6!1s0x31da191486b5aef9:0x3e6eeabf6aab626d!8m2!3d1.2859409!4d103.8496031!15sCgEqWgMiASqSARBwaXp6YV9yZXN0YXVyYW504AEA!16s%2Fg%2F11nx0nxck5?entry=ttu",1.2859409,103.8496031,Singapore
Roxy,5,30,"6 Marina Blvd, #01-17 The Sail at Marina Bay, Singapore 018985",It‚Äôs nice but drinks are honestly subpar. ,True,True,True,Restaurant,Open,"https://www.google.com/maps/place/Roxy/@1.2809065,103.8344247,15z/data=!3m1!4b1!4m11!1m3!11m2!2sdn7Ze7TPBCYxDW6LxM8MToH1tZOu-Q!3e3!3m6!1s0x31da19ae6f079641:0x9dab2ad473506a06!8m2!3d1.2808851!4d103.8528786!15sCgEqWgMiASqSAQpyZXN0YXVyYW504AEA!16s%2Fg%2F11jp_sh0ck?entry=ttu",1.2808851,103.8528786,Singapore
ÂÆ∂‰π°Â∞èÂé® 16 Â∫ó Jia Xiang Chinese Restaurant,8,168,"189 New Bridge Rd, #01-02, Singapore 059422",4/5 Chinese food ,True,True,True,Chinese restaurant,Open,"https://www.google.com/maps/place/%E5%AE%B6%E4%B9%A1%E5%B0%8F%E5%8E%A8+16+%E5%BA%97+Jia+Xiang+Chinese+Restaurant/@1.2845269,103.8255306,15z/data=!3m1!4b1!4m11!1m3!11m2!2sdn7Ze7TPBCYxDW6LxM8MToH1tZOu-Q!3e3!3m6!1s0x31da19e1b355113d:0xdb61150da34b7cc!8m2!3d1.2845055!4d103.8439845!15sCgEqWgMiASqSARJjaGluZXNlX3Jlc3RhdXJhbnTgAQA!16s%2Fg%2F11lh3w46tv?entry=ttu",1.2845055,103.8439845,Singapore
È±º‰ºó‰∏çÂêå Yu Zhong Bu Tong (Wisma Atria | JEM | Woodleigh Mall),8,157,"Flagship outlet, 435 Orchard Rd, Level 4 Wisma Atria, 238877",Good fish and high quality food,False,True,True,Food court,Open,"https://www.google.com/maps/place/%E9%B1%BC%E4%BC%97%E4%B8%8D%E5%90%8C+Yu+Zhong+Bu+Tong+(Wisma+Atria+%7C+JEM+%7C+Woodleigh+Mall)/@1.3037362,103.8148103,15z/data=!3m2!4b1!5s0x31da198df7f9f3b9:0x4dbceb44d2bfc6c2!4m11!1m3!11m2!2sdn7Ze7TPBCYxDW6LxM8MToH1tZOu-Q!3e3!3m6!1s0x31da194e3562449f:0xd5de4775b6550a8!8m2!3d1.3037148!4d103.8332642!15sCgEqWgMiASqSAQpmb29kX2NvdXJ04AEA!16s%2Fg%2F11smm67vgl?entry=ttu",1.3037148,103.8332642,Singapore
La Tour Montlh√©ry - Chez Denise,6,1324,"5 Rue des Prouvaires, 75001 Paris, France",Duck was a bit too salty but good lamb,True,True,True,French restaurant,Open,"https://www.google.com/maps/place/La+Tour+Montlh%C3%A9ry+-+Chez+Denise/@48.8615466,2.3255472,15z/data=!3m1!4b1!4m11!1m3!11m2!2sdn7Ze7TPBCYxDW6LxM8MToH1tZOu-Q!3e3!3m6!1s0x47e66e221c836ef7:0x7336f3b964e0b4e4!8m2!3d48.861534!4d2.344001!15sCgEqWgMiASqSARFmcmVuY2hfcmVzdGF1cmFudOABAA!16s%2Fg%2F1tq4qd9h?entry=ttu",48.861534,2.344001,France
Caf√© des Arts,8,1384,"4 Passage de l'Isle, 74000 Annecy, France",Good and affordable morning coffee joint  ,True,True,True,Cafe,Open,"https://www.google.com/maps/place/Caf%C3%A9+des+Arts/@45.8985959,6.1082269,15z/data=!3m1!4b1!4m11!1m3!11m2!2sdn7Ze7TPBCYxDW6LxM8MToH1tZOu-Q!3e3!3m6!1s0x478b8ffbe78238bf:0xee5e9db4d61fe6ab!8m2!3d45.8985825!4d6.1266807!15sCgEqWgMiASqSAQRjYWZl4AEA!16s%2Fg%2F1tjv2d87?entry=ttu",45.8985825,6.1266807,France
Le Palais Saint Jean,8,787,"40 Rue Saint-Jean, 69005 Lyon, France",Great amazing andouille and the eggs were amazing ,True,True,True,French restaurant,Open,"https://www.google.com/maps/place/Le+Palais+Saint+Jean/@45.762681,4.8091349,15z/data=!3m1!4b1!4m11!1m3!11m2!2sdn7Ze7TPBCYxDW6LxM8MToH1tZOu-Q!3e3!3m6!1s0x47f4ebaaeece1c29:0x7fcd909d637c084a!8m2!3d45.7626675!4d4.8275887!15sCgEqWgMiASqSARFmcmVuY2hfcmVzdGF1cmFudOABAA!16s%2Fg%2F1q2w1s39k?entry=ttu",45.7626675,4.8275887,France
La Taverne d'Antan √† Eze,6,357,"6 Rue Plane, 06360 √àze, France",Good Coffee and not too expensive ,True,True,True,Italian restaurant,Open,"https://www.google.com/maps/place/La+Taverne+d'Antan+%C3%A0+Eze/@43.7278762,7.3431934,15z/data=!3m1!4b1!4m11!1m3!11m2!2sdn7Ze7TPBCYxDW6LxM8MToH1tZOu-Q!3e3!3m6!1s0x12cdc367ce0c72b7:0x526782202c52d0fa!8m2!3d43.7278622!4d7.3616473!15sCgEqWgMiASqSARJpdGFsaWFuX3Jlc3RhdXJhbnTgAQA!16s%2Fg%2F1tdj76kl?entry=ttu",43.7278622,7.3616473,France
Le Florentin,7,1501,"10 Rue Saint-Florentin, 75001 Paris, France",5 stars for service and food,False,True,True,French restaurant,Open,"https://www.google.com/maps/place/Le+Florentin/@48.86761,2.3059896,15z/data=!3m1!4b1!4m11!1m3!11m2!2sdn7Ze7TPBCYxDW6LxM8MToH1tZOu-Q!3e3!3m6!1s0x47e66e3295d4870f:0x2af3dbbbbfc82ff0!8m2!3d48.8675974!4d2.3244434!15sCgEqWgMiASqSARFmcmVuY2hfcmVzdGF1cmFudOABAA!16s%2Fg%2F1tj20vpt?entry=ttu",48.8675974,2.3244434,France
Au Pied de Cochon,5,8673,"6 Rue Coquilli√®re, 75001 Paris, France","Not fantastic honestly, pig trotter is a bit too fatty with too little meat and the other starters are quite passable at best ",True,True,True,French restaurant,Open,"https://www.google.com/maps/place/Au+Pied+de+Cochon/@48.8635302,2.3252683,15z/data=!3m1!4b1!4m11!1m3!11m2!2sdn7Ze7TPBCYxDW6LxM8MToH1tZOu-Q!3e3!3m6!1s0x47e66e22674a0b41:0x3add2de5bc477885!8m2!3d48.8635176!4d2.3437221!15sCgEqWgMiASqSARFmcmVuY2hfcmVzdGF1cmFudOABAA!16s%2Fg%2F1tdgjkvs?entry=ttu",48.8635176,2.3437221,France
Royal Beaubourg,6,450,"105 Rue Beaubourg, 75003 Paris, France",Nice chill bar with good happy hour that stretches quite late ,True,True,True,Restaurant,Open,"https://www.google.com/maps/place/Royal+Beaubourg/@48.8649828,2.3367805,15z/data=!3m1!4b1!4m11!1m3!11m2!2sdn7Ze7TPBCYxDW6LxM8MToH1tZOu-Q!3e3!3m6!1s0x47e66e1abf48ad0d:0x7fc8498c2a75a5c0!8m2!3d48.8649702!4d2.3552343!15sCgEqWgMiASqSAQpyZXN0YXVyYW504AEA!16s%2Fg%2F1tfrln64?entry=ttu",48.8649702,2.3552343,France
Le Nemours,5,1702,"2 √† 7 Galerie de Nemours, 2 Place Colette, 75001 Paris, France",,True,True,True,Brewery,Open,"https://www.google.com/maps/place/Le+Nemours/@48.8630694,2.3180731,15z/data=!3m2!4b1!5s0x47e66e24e54cbeff:0xd83b301e2ca43554!4m11!1m3!11m2!2sdn7Ze7TPBCYxDW6LxM8MToH1tZOu-Q!3e3!3m6!1s0x47e66e25b40c80bd:0x388be35c6c660598!8m2!3d48.8630568!4d2.3365269!15sCgEqWgMiASqSAQdicmV3ZXJ54AEA!16s%2Fg%2F1vyk1tsl?entry=ttu",48.8630568,2.3365269,France
Du Pain et des Id√©es,7,2803,"34 Rue Yves Toudic, 75010 Paris, France",Escargot de chocolate is great but the croissant is mediocre at best ~,True,True,True,Bakery,Open,"https://www.google.com/maps/place/Du+Pain+et+des+Id%C3%A9es/@48.8712579,2.3444366,15z/data=!3m1!4b1!4m11!1m3!11m2!2sdn7Ze7TPBCYxDW6LxM8MToH1tZOu-Q!3e3!3m6!1s0x47e66e0bfc163805:0x3413388064195613!8m2!3d48.8712453!4d2.3628904!15sCgEqWgMiASqSAQZiYWtlcnngAQA!16s%2Fg%2F11b8t6y56v?entry=ttu",48.8712453,2.3628904,France
Chez Savy,6,328,"23 Rue Bayard, 75008 Paris, France","Rating : 3/5

Nice place to grab a meal. Inside is a little stuffy and their bone marrow is gigantic but a bit overwhelming after a while. Their lamb shoulder is not really tender enough ",True,False,True,French restaurant,Open,"https://www.google.com/maps/place/Chez+Savy/@48.8670586,2.2891172,15z/data=!3m1!4b1!4m11!1m3!11m2!2sdn7Ze7TPBCYxDW6LxM8MToH1tZOu-Q!3e3!3m6!1s0x47e66fdb34cac27f:0xe4babbd0af5e1b75!8m2!3d48.867046!4d2.307571!15sCgEqWgMiASqSARFmcmVuY2hfcmVzdGF1cmFudOABAA!16s%2Fg%2F1pxy5xz6k?entry=ttu",48.867046,2.307571,France
Maison Hubert Rambuteau Boulanger Patissier,7,35,"62 Rue Rambuteau, 75004 Paris, France",Amazing pain au chocolate. I love ,False,True,False,Bakery,Open,"https://www.google.com/maps/place/Maison+Hubert+Rambuteau+Boulanger+Patissier/@48.8618506,2.3327136,15z/data=!3m1!4b1!4m11!1m3!11m2!2sdn7Ze7TPBCYxDW6LxM8MToH1tZOu-Q!3e3!3m6!1s0x47e66fde10aa8689:0x43ba171153ae9869!8m2!3d48.861838!4d2.3511674!15sCgEqWgMiASqSAQZiYWtlcnngAQA!16s%2Fg%2F11f61grjtt?entry=ttu",48.861838,2.3511674,France
L'amuse gueule,7,279,"7 Rue Rambuteau, 75004 Paris, France","Great ambience and good prices. They‚Äôll keep speaking French to you if you try, top tier service and great egga",True,True,True,Restaurant,Open,"https://www.google.com/maps/place/L'amuse+gueule/@48.8602559,2.3376969,15z/data=!3m1!4b1!4m11!1m3!11m2!2sdn7Ze7TPBCYxDW6LxM8MToH1tZOu-Q!3e3!3m6!1s0x47e66fd8eeba13ab:0x1a83e839690c9240!8m2!3d48.8602433!4d2.3561507!15sCgEqWgMiASqSAQpyZXN0YXVyYW504AEA!16s%2Fg%2F11fq217cc8?entry=ttu",48.8602433,2.3561507,France
The Coffee,5,407,"40 Rue des Gravilliers, 75003 Paris, France","Rating :3.5/5

Nothing spectacular about this shop , makes good coffee but that‚Äôs about it ",True,False,True,Coffee shop,Open,"https://www.google.com/maps/place/The+Coffee/@48.864155,2.3377638,15z/data=!3m1!4b1!4m11!1m3!11m2!2sdn7Ze7TPBCYxDW6LxM8MToH1tZOu-Q!3e3!3m6!1s0x47e66f206cad2eab:0x995dc3cfae125a97!8m2!3d48.8641424!4d2.3562176!15sCgEqWgMiASqSAQtjb2ZmZWVfc2hvcOABAA!16s%2Fg%2F11rwx1htm7?entry=ttu",48.8641424,2.3562176,France
Les Antiquaires,7,3695,"13 Rue du Bac, 75007 Paris, France",FUCKING AMAZING DUCK BREAST. The snail is passable and a bit too oily for my taste but the duck is to die for. Definitely come here. ,True,True,True,French restaurant,Open,"https://www.google.com/maps/place/Les+Antiquaires/@48.8586708,2.310355,15z/data=!3m1!4b1!4m11!1m3!11m2!2sdn7Ze7TPBCYxDW6LxM8MToH1tZOu-Q!3e3!3m6!1s0x47e66e299bad93e9:0xb26059bd683890cc!8m2!3d48.8586582!4d2.3288088!15sCgEqWgMiASqSARFmcmVuY2hfcmVzdGF1cmFudOABAA!16s%2Fg%2F11bbrfs7nx?entry=ttu",48.8586582,2.3288088,France
L'As du Fallafel,8,12098,"34 Rue des Rosiers, 75004 Paris, France","Great Falafel, get their sandwich and perhaps next time just the falafels on their own! I tried the grilled egg plants and I found them soft and tender.

Very solid stuff ",True,True,True,Falafel restaurant,Open,"https://www.google.com/maps/place/L'As+du+Fallafel/@48.8574193,2.3407424,15z/data=!3m1!4b1!4m11!1m3!11m2!2sdn7Ze7TPBCYxDW6LxM8MToH1tZOu-Q!3e3!3m6!1s0x47e66e025d19942f:0x710304a633dfc4c2!8m2!3d48.8574067!4d2.3591962!15sCgEqWgMiASqSARJmYWxhZmVsX3Jlc3RhdXJhbnTgAQA!16s%2Fm%2F0glq67h?entry=ttu",48.8574067,2.3591962,France
Cr√™perie Suzette,8,914,"24 Rue des Francs Bourgeois, 75003 Paris, France","Amazing crepes and at a good price, they‚Äôre at around 10 euros each and can easily feed a person. ",True,True,True,Creperie,Open,"https://www.google.com/maps/place/Cr%C3%AAperie+Suzette/@48.8578252,2.3422296,15z/data=!3m1!4b1!4m11!1m3!11m2!2sdn7Ze7TPBCYxDW6LxM8MToH1tZOu-Q!3e3!3m6!1s0x47e66e023a7ec581:0xab325954f75ae70c!8m2!3d48.8578126!4d2.3606834!15sCgEqWgMiASqSAQhjcmVwZXJpZeABAA!16s%2Fg%2F1tfkq1pq?entry=ttu",48.8578126,2.3606834,France
Clasico Argentino Marais,7,485,"56 Rue de Saintonge, 75003 Paris, France",Great empanadas - highly recommend the Jamon and Queso. It‚Äôs a solid banger ,False,True,True,Restaurant,Open,"https://www.google.com/maps/place/Clasico+Argentino+Marais/@48.8630349,2.3456426,15z/data=!3m1!4b1!4m11!1m3!11m2!2sdn7Ze7TPBCYxDW6LxM8MToH1tZOu-Q!3e3!3m6!1s0x47e66e06f8f9bcad:0x5be25820f51c919a!8m2!3d48.8630223!4d2.3640964!15sCgEqWgMiASqSAQpyZXN0YXVyYW504AEA!16s%2Fg%2F1hc47jxj3?entry=ttu",48.8630223,2.3640964,France
Ohana Beach House(Pasir Ris),7,269,"159W Jln. Loyang Besar, Singapore 507020","Food is decent, tried paddle boarding here. Was not super impressed ",False,True,True,Restaurant,Open,"https://www.google.com/maps/place/Ohana+Beach+House(Pasir+Ris)/@1.380774,103.9428603,15z/data=!3m1!4b1!4m11!1m3!11m2!2sdn7Ze7TPBCYxDW6LxM8MToH1tZOu-Q!3e3!3m6!1s0x31da3dc6c2cf0cb5:0xd2504f803fb677d4!8m2!3d1.3807526!4d103.9613142!15sCgEqWgMiASqSAQpyZXN0YXVyYW504AEA!16s%2Fg%2F1tgg7h6f?entry=ttu",1.3807526,103.9613142,Singapore
B√°nh M√¨ H√≤a M√£,6,1445,"53 ƒê. Cao Th·∫Øng, Ph∆∞·ªùng 3, Qu·∫≠n 3, Th√†nh ph·ªë H·ªì Ch√≠ Minh, Vietnam",Interesting experience get the Bahn Mi Op La ,False,False,True,Restaurant,Open,"https://www.google.com/maps/place/B%C3%A1nh+M%C3%AC+H%C3%B2a+M%C3%A3/@10.770214,106.663153,15z/data=!3m1!4b1!4m11!1m3!11m2!2sdn7Ze7TPBCYxDW6LxM8MToH1tZOu-Q!3e3!3m6!1s0x31752f218f22cc1d:0x5989fc3cc9f4d5b7!8m2!3d10.7701935!4d106.6816069!15sCgEqWgMiASqSAQpyZXN0YXVyYW504AEA!16s%2Fg%2F1pzwmp0tz?entry=ttu",10.7701935,106.6816069,Vietnam
Shixiangge È£üÈ¶ôÈòÅÔºàÁõÆÂâçÊ≤°ÊúâÂàÜÂ∫óÔºâ,8,512,"514 Bishan Street 13, level 2 Bishan Bus Interchange, Singapore 570514","Good Chinese food, noodles are nice and springy while the organs are amazingly large and well cooked ",True,True,True,Chinese noodle restaurant,Open,"https://www.google.com/maps/place/Shixiangge+%E9%A3%9F%E9%A6%99%E9%98%81%EF%BC%88%E7%9B%AE%E5%89%8D%E6%B2%A1%E6%9C%89%E5%88%86%E5%BA%97%EF%BC%89/@1.3507278,103.831078,15z/data=!3m2!4b1!5s0x31da1716bd10f1c1:0xbbc1349faa45e55f!4m11!1m3!11m2!2sdn7Ze7TPBCYxDW6LxM8MToH1tZOu-Q!3e3!3m6!1s0x31da1716bc75e59f:0xfe0df8c78ca279f0!8m2!3d1.3507064!4d103.8495319!15sCgEqWgMiASqSARljaGluZXNlX25vb2RsZV9yZXN0YXVyYW504AEA!16s%2Fg%2F11csq8hd7w?entry=ttu",1.3507064,103.8495319,Singapore
H·ªß ti·∫øu c√° Nam L·ª£i,6,839,"43 T√¥n Th·∫•t ƒê·∫°m, Ph∆∞·ªùng Nguy·ªÖn Th√°i B√¨nh, Qu·∫≠n 1, Th√†nh ph·ªë H·ªì Ch√≠ Minh, Vietnam",Great fish soup and soy bean! ,False,True,True,Noodle shop,Open,"https://www.google.com/maps/place/H%E1%BB%A7+ti%E1%BA%BFu+c%C3%A1+Nam+L%E1%BB%A3i/@10.7702075,106.6851524,15z/data=!3m1!4b1!4m11!1m3!11m2!2sdn7Ze7TPBCYxDW6LxM8MToH1tZOu-Q!3e3!3m6!1s0x31752f410ec0c7cf:0xb7160cd601093ff2!8m2!3d10.770187!4d106.7036063!15sCgEqWgMiASqSAQtub29kbGVfc2hvcOABAA!16s%2Fg%2F1hc8j2vq3?entry=ttu",10.770187,106.7036063,Vietnam
HuÃâ Ti·∫øu Nam Vang ThaÃÄnh ƒêaÃ£t,7,2491,"34 ƒê. C√¥ B·∫Øc, Ph∆∞·ªùng C·∫ßu √îng L√£nh, Qu·∫≠n 1, Th√†nh ph·ªë H·ªì Ch√≠ Minh, Vietnam",Really amazing Hu Tieu Nam Vang ,False,True,True,Noodle shop,Open,"https://www.google.com/maps/place/Hu%CC%89+Ti%E1%BA%BFu+Nam+Vang+Tha%CC%80nh+%C4%90a%CC%A3t/@10.7657376,106.6771712,15z/data=!3m1!4b1!4m11!1m3!11m2!2sdn7Ze7TPBCYxDW6LxM8MToH1tZOu-Q!3e3!3m6!1s0x31752f15b70299b9:0x236d6a721bc97881!8m2!3d10.7657171!4d106.6956251!15sCgEqWgMiASqSAQtub29kbGVfc2hvcOABAA!16s%2Fg%2F11g8kr2bb5?entry=ttu",10.7657171,106.6956251,Vietnam
B√°nh CƒÉn Nam M·∫≠p,5,26,"Qu√°n Cafe Ku S√≥c, P 108 D√£y nh√† A - Khu t·∫≠p th·ªÉ ƒê·ªëng ƒêa S√°t, Th√†nh ph·ªë Hu·∫ø, Th·ª´a Thi√™n Hu·∫ø, Vietnam",Great Bahn Can ,False,True,True,Bistro,Open,"https://www.google.com/maps/place/B%C3%A1nh+C%C4%83n+Nam+M%E1%BA%ADp/@16.4620085,107.5756603,15z/data=!3m1!4b1!4m11!1m3!11m2!2sdn7Ze7TPBCYxDW6LxM8MToH1tZOu-Q!3e3!3m6!1s0x3141a1f0fe5659d7:0x92ae91f32153878c!8m2!3d16.4619887!4d107.5941142!15sCgEqWgMiASqSAQZiaXN0cm_gAQA!16s%2Fg%2F11j4g052c0?entry=ttu",16.4619887,107.5941142,Vietnam
Chau Loan Phuoc Loc Restaurant,5,6,"76 B·∫øn Ngh√©, Ph√∫ H·ªôi, Th√†nh ph·ªë Hu·∫ø, Th·ª´a Thi√™n Hu·∫ø, Vietnam",Great Baos and noodles,False,False,False,Used motorcycle dealer,Open,"https://www.google.com/maps/place/Chau+Loan+Phuoc+Loc+Restaurant/@16.4642309,107.576176,15z/data=!3m1!4b1!4m11!1m3!11m2!2sdn7Ze7TPBCYxDW6LxM8MToH1tZOu-Q!3e3!3m6!1s0x3141a13c2c64de29:0xedc6d39f0b47126f!8m2!3d16.4642111!4d107.5946299!15sCgEqWgMiASqSARZ1c2VkX21vdG9yY3ljbGVfZGVhbGVy4AEA!16s%2Fg%2F11r935zyc?entry=ttu",16.4642111,107.5946299,Vietnam
Qu√°n C·∫©m - B√∫n B√≤ Hu·∫ø,7,439,"45 L√™ L·ª£i, Ph√∫ H·ªôi, Th√†nh ph·ªë Hu·∫ø, Th·ª´a Thi√™n Hu·∫ø, Vietnam","Very good Bun Bo Hue , get the dac biet ",False,True,True,Restaurant,Open,"https://www.google.com/maps/place/Qu%C3%A1n+C%E1%BA%A9m+-+B%C3%BAn+B%C3%B2+Hu%E1%BA%BF/@16.4697515,107.5746494,15z/data=!3m1!4b1!4m11!1m3!11m2!2sdn7Ze7TPBCYxDW6LxM8MToH1tZOu-Q!3e3!3m6!1s0x3141a13cb4450b49:0x1d8f2b9b09daf1cc!8m2!3d16.4697317!4d107.5931033!15sCgEqWgMiASqSAQpyZXN0YXVyYW504AEA!16s%2Fg%2F1hc85ky5n?entry=ttu",16.4697317,107.5931033,Vietnam
Dac san so 1. Bun bo hue,5,368,"19 L√Ω Th∆∞·ªùng Ki·ªát, Ph√∫ Nhu·∫≠n, Th√†nh ph·ªë Hu·∫ø, Th·ª´a Thi√™n Hu·∫ø, Vietnam",Fantastic Bun Bo Hue ,True,True,True,Bistro,Open,"https://www.google.com/maps/place/Dac+san+so+1.+Bun+bo+hue/@16.4614244,107.5729828,15z/data=!3m1!4b1!4m11!1m3!11m2!2sdn7Ze7TPBCYxDW6LxM8MToH1tZOu-Q!3e3!3m6!1s0x3141a138d70923d7:0xdfb21164ccc259d6!8m2!3d16.4614046!4d107.5914367!15sCgEqWgMiASqSAQZiaXN0cm_gAQA!16s%2Fg%2F11bzz0k4tg?entry=ttu",16.4614046,107.5914367,Vietnam
Live Twice,8,180,"18-20 Bukit Pasoh Rd, Singapore 089834",General Verdict : I think it‚Äôs a fantastic place to bring a group of friends and the drinks are really good. They have an amazing selection of spirits too,True,True,True,Cocktail bar,Open,"https://www.google.com/maps/place/Live+Twice/@1.2791369,103.8224897,15z/data=!3m2!4b1!5s0x31da196d91f2b74b:0x7ca5baf5e6378e7b!4m11!1m3!11m2!2sdn7Ze7TPBCYxDW6LxM8MToH1tZOu-Q!3e3!3m6!1s0x31da1938e5a0fc6d:0x52c65bb6818dc97b!8m2!3d1.2791155!4d103.8409436!15sCgEqWgMiASqSAQxjb2NrdGFpbF9iYXLgAQA!16s%2Fg%2F11h7rp1mck?entry=ttu",1.2791155,103.8409436,Singapore
Dong Bei Ren Jia,7,1329,"22 Upper Cross St, Singapore 058334","Place is honestly pretty dope, but the queues are really long so be prepared to wait for quite a while in order to get what you want.",True,True,True,Chinese restaurant,Open,"https://www.google.com/maps/place/Dong+Bei+Ren+Jia/@1.2839674,103.8268901,15z/data=!3m2!4b1!5s0x31da1a0c21bc9987:0x272bac77e064630a!4m11!1m3!11m2!2sdn7Ze7TPBCYxDW6LxM8MToH1tZOu-Q!3e3!3m6!1s0x31da190cae55692f:0x97f5f01b2cda191b!8m2!3d1.283946!4d103.845344!15sCgEqWgMiASqSARJjaGluZXNlX3Jlc3RhdXJhbnTgAQA!16s%2Fg%2F1ts1pr9b?entry=ttu",1.283946,103.845344,Singapore
Mama Diam,6,602,"38 Prinsep St, Singapore 188665",Nice concept but drinks are not great ,False,False,True,Restaurant,Open,"https://www.google.com/maps/place/Mama+Diam/@1.2992611,103.8312737,15z/data=!3m2!4b1!5s0x31da19bcbc6f6889:0xbc97c60199a54ceb!4m11!1m3!11m2!2sdn7Ze7TPBCYxDW6LxM8MToH1tZOu-Q!3e3!3m6!1s0x31da19b74fb716fd:0xabe957f8a9b52680!8m2!3d1.2992397!4d103.8497276!15sCgEqWgMiASqSAQpyZXN0YXVyYW504AEA!16s%2Fg%2F11q8ycyj37?entry=ttu",1.2992397,103.8497276,Singapore
DAWN,5,158,"78 South Bridge Rd, Singapore 058708",Amazing interior but horrible coffee ,False,True,True,Cafe,Open,"https://www.google.com/maps/place/DAWN/@1.2869338,103.8294175,15z/data=!3m1!4b1!4m11!1m3!11m2!2sdn7Ze7TPBCYxDW6LxM8MToH1tZOu-Q!3e3!3m6!1s0x31da191859478e31:0x92cb935af69e4296!8m2!3d1.2869124!4d103.8478714!15sCgEqWgMiASqSAQRjYWZl4AEA!16s%2Fg%2F11sgw1s7wy?entry=ttu",1.2869124,103.8478714,Singapore
Maxi Coffee Bar,8,354,"6 Ann Siang Hill, Singapore 069787",Good coffee place to chill on a Sunday morning ,True,True,True,Cafe,Open,"https://www.google.com/maps/place/Maxi+Coffee+Bar/@1.2814693,103.8268593,15z/data=!3m2!4b1!5s0x31da190d31c63b45:0xd57e5f404b5ae0d4!4m11!1m3!11m2!2sdn7Ze7TPBCYxDW6LxM8MToH1tZOu-Q!3e3!3m6!1s0x31da191abef13d09:0x2b76e9cb853ef817!8m2!3d1.2814479!4d103.8453132!15sCgEqWgMiASqSAQRjYWZl4AEA!16s%2Fg%2F11ghfprc8r?entry=ttu",1.2814479,103.8453132,Singapore
Bami Express,6,232,"Blk 5 Tanjong Pagar Plz, #02-02, Singapore 081005","Gun for the Bami Sai Gon ($5.50), which is a symphony of flavours. You can taste the creamy pork liver in the pate that is smeared on with light-as-air mayonnaise. The ham and cold cuts have a meaty bite, accentuated by crunchy carrot and radish pickles.

Even though Bami Express specialises in Vietnamese sandwiches, it has two signature noodle dishes Vietnamese regulars hanker after: Grilled Chicken Vermicelli ($6) and Grilled Pork Jowl Vermicelli ($6).",False,True,True,Cafe,Open,"https://www.google.com/maps/place/Bami+Express/@1.2762783,103.8244774,15z/data=!3m2!4b1!5s0x31da19a081cd9f25:0x18f54b7f3023a215!4m11!1m3!11m2!2sdn7Ze7TPBCYxDW6LxM8MToH1tZOu-Q!3e3!3m6!1s0x31da19d49920c7d9:0x14012bceb8922497!8m2!3d1.2762569!4d103.8429313!15sCgEqWgMiASqSAQRjYWZl4AEA!16s%2Fg%2F11fkthjhtk?entry=ttu",1.2762569,103.8429313,Singapore
Ju Hua Tai ËèäËä±Âè∞,5,258,"9 Duxton Hill, Singapore 089593",Nice place but wouldn‚Äôt recommend going back. Drinks are honestly not very good ,False,True,True,Restaurant,Open,"https://www.google.com/maps/place/Ju+Hua+Tai+%E8%8F%8A%E8%8A%B1%E5%8F%B0/@1.2793541,103.8243567,15z/data=!3m2!4b1!5s0x31da196d65aab327:0x38a29bec9bfa8e95!4m11!1m3!11m2!2sdn7Ze7TPBCYxDW6LxM8MToH1tZOu-Q!3e3!3m6!1s0x31da19933120eadb:0xe2807435e2b2e245!8m2!3d1.2793327!4d103.8428106!15sCgEqWgMiASqSAQpyZXN0YXVyYW504AEA!16s%2Fg%2F11q1ddjv_k?entry=ttu",1.2793327,103.8428106,Singapore
ÂàùÊó©È§ê True Breakfast,5,364,"5 Koek Rd, #B1-19/20, Singapore 228796","Cute place for a morning Sunday breakfast, g early before queue forms ",False,True,True,Taiwanese restaurant,Open,"https://www.google.com/maps/place/%E5%88%9D%E6%97%A9%E9%A4%90+True+Breakfast/@1.3020842,103.8222512,15z/data=!3m1!4b1!4m11!1m3!11m2!2sdn7Ze7TPBCYxDW6LxM8MToH1tZOu-Q!3e3!3m6!1s0x31da191cb15082f1:0x7a3c816f05eb2422!8m2!3d1.3020628!4d103.8407051!15sCgEqWgMiASqSARR0YWl3YW5lc2VfcmVzdGF1cmFudOABAA!16s%2Fg%2F11n5x8zmjj?entry=ttu",1.3020628,103.8407051,Singapore
No.5 Emerald Hill,6,1104,"5 Emerald Hill Rd, Singapore 229289",It‚Äôs ok? Drinks are passable but decent ambience ,True,True,True,Cocktail bar,Open,"https://www.google.com/maps/place/No.5+Emerald+Hill/@1.3018362,103.8206313,15z/data=!3m1!4b1!4m11!1m3!11m2!2sdn7Ze7TPBCYxDW6LxM8MToH1tZOu-Q!3e3!3m6!1s0x31da1996cb3f8cc9:0xe84698aeb66591ef!8m2!3d1.3018148!4d103.8390852!15sCgEqWgMiASqSAQxjb2NrdGFpbF9iYXLgAQA!16s%2Fg%2F1tfd9zxx?entry=ttu",1.3018148,103.8390852,Singapore
2nd Serving: Artisan Gelato & Tea,8,124,"41 Holland Dr, #01-07, Singapore 270041",This is solid stuff not going to lie. I think that it truly deserves an A+ rating ,True,True,True,Ice cream shop,Open,"https://www.google.com/maps/place/2nd+Serving:+Artisan+Gelato+%26+Tea/@1.3076266,103.7750034,15z/data=!3m2!4b1!5s0x31da1a417acc4695:0x587e7d94f07e317!4m11!1m3!11m2!2sdn7Ze7TPBCYxDW6LxM8MToH1tZOu-Q!3e3!3m6!1s0x31da1b25507e7099:0x9be718b6623b3d8b!8m2!3d1.3076052!4d103.7934573!15sCgEqWgMiASqSAQ5pY2VfY3JlYW1fc2hvcOABAA!16s%2Fg%2F11pd43fpxf?entry=ttu",1.3076052,103.7934573,Singapore
Tanamera Coffee The Metropolis,6,58,"9 North Buona Vista Drive #01-22 The Metropolis Tower 2, Singapore 138588","Pretty good, have to say it‚Äôs great for work. Seats are not v good though",False,True,True,Coffee shop,Open,"https://www.google.com/maps/place/Tanamera+Coffee+The+Metropolis/@1.3059758,103.7731757,15z/data=!3m2!4b1!5s0x31da1a4234393317:0x6240f16e394e8690!4m11!1m3!11m2!2sdn7Ze7TPBCYxDW6LxM8MToH1tZOu-Q!3e3!3m6!1s0x31da1b7ee0b324f9:0xd8fc142f8d8dc1cd!8m2!3d1.3059544!4d103.7916296!15sCgEqWgMiASqSAQtjb2ZmZWVfc2hvcOABAA!16s%2Fg%2F11pq4s0m4n?entry=ttu",1.3059544,103.7916296,Singapore
PYROAST@Science Park,7,23,"2 Science Park Dr, Singapore Science Park 1, Ascent, #01-31, 2 Science Park Dr, #01-31 Singapore Science Park 1, 118222",Solid 10/10 would recommend. Seatings are a bit awkward though,True,False,True,Cafe,Open,"https://www.google.com/maps/place/PYROAST@Science+Park/@1.2913934,103.7662709,15z/data=!3m1!4b1!4m11!1m3!11m2!2sdn7Ze7TPBCYxDW6LxM8MToH1tZOu-Q!3e3!3m6!1s0x31da1b84d59dfcf3:0xf9c4b46c66ed1d61!8m2!3d1.291372!4d103.7847248!15sCgEqWgMiASqSAQRjYWZl4AEA!16s%2Fg%2F11s0zh_xh_?entry=ttu",1.291372,103.7847248,Singapore
Chen's Mapo Tofu,8,302,"1 Vista Exchange Green, #02-08 The Star Vista, Singapore 138617",Divine and silky maple tofu to die for ,True,True,True,Restaurant,Open,"https://www.google.com/maps/place/Chen's+Mapo+Tofu/@1.3068273,103.7700285,15z/data=!3m2!4b1!5s0x31da1a42c010aa5b:0xe8c76fea66661da0!4m11!1m3!11m2!2sdn7Ze7TPBCYxDW6LxM8MToH1tZOu-Q!3e3!3m6!1s0x31da1b16a2b4a1df:0x76ebf87d372a0829!8m2!3d1.3068059!4d103.7884824!15sCgEqWgMiASqSAQpyZXN0YXVyYW504AEA!16s%2Fg%2F11n06mth47?entry=ttu",1.3068059,103.7884824,Singapore
Shan Dong Dong Ji La Mian Xiao Long Bao - 501 West Coast Drive,6,31,"501 W Coast Dr, #01-270, Singapore 120501","Rating : 4/5

Amazing value for money here and I think that they've definitely got a solid taste for the value they're charging. Good to grab a nice beer and chill here",False,True,True,Chinese restaurant,Open,"https://www.google.com/maps/place/Shan+Dong+Dong+Ji+La+Mian+Xiao+Long+Bao+-+501+West+Coast+Drive/@1.31142,103.7404686,15z/data=!3m2!4b1!5s0x31da1a92e9f53ebf:0xbe546b371a797491!4m11!1m3!11m2!2sdn7Ze7TPBCYxDW6LxM8MToH1tZOu-Q!3e3!3m6!1s0x31da1b3deb5d1497:0x2892dd9496ecfc8d!8m2!3d1.3113986!4d103.7589225!15sCgEqWgMiASqSARJjaGluZXNlX3Jlc3RhdXJhbnTgAQA!16s%2Fg%2F11h5my7l6w?entry=ttu",1.3113986,103.7589225,Singapore
Tian Wang ÁîúÊó∫,6,409,"145 Jln Besar, Singapore 208863","Rating : 3.5/5

- Good amount of dessert choices
- A bit too sweet for my liking at times.",False,True,True,Dessert restaurant,Open,"https://www.google.com/maps/place/Tian+Wang+%E7%94%9C%E6%97%BA/@1.3071316,103.8378424,15z/data=!3m2!4b1!5s0x31da19b81d2121e3:0xb008b9336504463c!4m11!1m3!11m2!2sdn7Ze7TPBCYxDW6LxM8MToH1tZOu-Q!3e3!3m6!1s0x31da19d3aa796075:0xe4da34f436cbe51a!8m2!3d1.3071102!4d103.8562963!15sCgEqWgMiASqSARJkZXNzZXJ0X3Jlc3RhdXJhbnTgAQA!16s%2Fg%2F11pc4zmqx5?entry=ttu",1.3071102,103.8562963,Singapore
YY Kafei Dian,6,1781,"37 Beach Rd, #01-01, Singapore 189678","Rating: 3.5.5 

- Good ambience and central location
- Kaya Toast is good and the bread is fluffy which I like quite a bit",False,True,True,Coffee shop,Open,"https://www.google.com/maps/place/YY+Kafei+Dian/@1.2961034,103.8373673,15z/data=!3m1!4b1!4m11!1m3!11m2!2sdn7Ze7TPBCYxDW6LxM8MToH1tZOu-Q!3e3!3m6!1s0x31da19a5826fb977:0x5db103420675b2b8!8m2!3d1.296082!4d103.8558212!15sCgEqWgMiASqSAQtjb2ZmZWVfc2hvcOABAA!16s%2Fg%2F11bw5m97f2?entry=ttu",1.296082,103.8558212,Singapore
Leo's Bagels,7,1876,"3 Hanover Square, New York, NY 10004, United States",Good solid place,False,True,True,Bagel shop,Open,"https://www.google.com/maps/place/Leo's+Bagels/@40.7049517,-74.0281884,15z/data=!3m2!4b1!5s0x89c25a1686f8a7dd:0x3a9c57dacc19f4!4m11!1m3!11m2!2sdn7Ze7TPBCYxDW6LxM8MToH1tZOu-Q!3e3!3m6!1s0x89c25a16811c3d49:0x9d94f27d104bc465!8m2!3d40.7049369!4d-74.0097345!15sCgEqWgMiASqSAQpiYWdlbF9zaG9w4AEA!16s%2Fg%2F1tmqh3fn?entry=ttu",40.7049369,-74.0097345,United States
Beef Sukiyaki Don Keisuke,8,639,"11 Kee Seng St, #01-01 Onze @, Singapore 089218",Great value for money with the set meal,True,True,True,Restaurant,Open,"https://www.google.com/maps/place/Beef+Sukiyaki+Don+Keisuke/@1.2749127,103.8235616,15z/data=!3m2!4b1!5s0x31da196c801f803f:0x8c3f3aae256551ee!4m11!1m3!11m2!2sdn7Ze7TPBCYxDW6LxM8MToH1tZOu-Q!3e3!3m6!1s0x31da19cf7e70719d:0xcf5e42c98000309c!8m2!3d1.2748913!4d103.8420155!15sCgEqWgMiASqSAQpyZXN0YXVyYW504AEA!16s%2Fg%2F11fcrcjrv4?entry=ttu",1.2748913,103.8420155,Singapore
The Public Izakaya,8,873,"100 Tras St, #01 - 09, Singapore 079027","Solid stuff , oden and skewers were ü§å",True,True,True,Izakaya restaurant,Open,"https://www.google.com/maps/place/The+Public+Izakaya/@1.2746037,103.825154,15z/data=!3m2!4b1!5s0x31da196b5c1df94f:0xdcbc5f77a4344860!4m11!1m3!11m2!2sdn7Ze7TPBCYxDW6LxM8MToH1tZOu-Q!3e3!3m6!1s0x31da196b5f0745bd:0x6d8e6931bd4d2431!8m2!3d1.2745823!4d103.8436079!15sCgEqWgMiASqSARtqYXBhbmVzZV9pemFrYXlhX3Jlc3RhdXJhbnTgAQA!16s%2Fg%2F11b6d5b_rw?entry=ttu",1.2745823,103.8436079,Singapore
Niningashi,8,271,"2 Craig Rd, Singapore 089662",Get a good amount of sake for cheap and sashimi to boot ,True,False,True,Izakaya restaurant,Open,"https://www.google.com/maps/place/Niningashi/@1.2774955,103.8248026,15z/data=!3m2!4b1!5s0x31da196d1f0b5e29:0xa25ae090efa0f915!4m11!1m3!11m2!2sdn7Ze7TPBCYxDW6LxM8MToH1tZOu-Q!3e3!3m6!1s0x31da199970c17f53:0x1a6e5fc728bdb7d1!8m2!3d1.2774741!4d103.8432565!15sCgEqWgMiASqSARtqYXBhbmVzZV9pemFrYXlhX3Jlc3RhdXJhbnTgAQA!16s%2Fg%2F11h3qzjgfz?entry=ttu",1.2774741,103.8432565,Singapore
Roji Monster Ice Cream Singapore Ë∑ØÂú∞Ê∞∑„ÅÆÊÄ™Áâ©,7,250,"52 Tg Pagar Rd, Singapore 088473",Wonderful Ice cream and waffles,True,True,True,Dessert shop,Open,"https://www.google.com/maps/place/Roji+Monster+Ice+Cream+Singapore+%E8%B7%AF%E5%9C%B0%E6%B0%B7%E3%81%AE%E6%80%AA%E7%89%A9/@1.2792173,103.8252901,15z/data=!3m2!4b1!5s0x31da196d3f41ddd5:0xf3418a08e3ad1bc8!4m11!1m3!11m2!2sdn7Ze7TPBCYxDW6LxM8MToH1tZOu-Q!3e3!3m6!1s0x31da19bd95e0cfcf:0x5d591d3613335eea!8m2!3d1.2791959!4d103.843744!15sCgEqWgMiASqSAQxkZXNzZXJ0X3Nob3DgAQA!16s%2Fg%2F11r104pd3c?entry=ttu",1.2791959,103.843744,Singapore
Swee Lee Social Club,5,250,"1 Vista Exchange Green, #01-07/08/09/10, Singapore 138617",In a music shop nice picolo ,False,True,True,Coffee shop,Open,"https://www.google.com/maps/place/Swee+Lee+Social+Club/@1.3071047,103.769561,15z/data=!3m2!4b1!5s0x31da1a42c010aa5b:0xe8c76feaf1db15ac!4m11!1m3!11m2!2sdn7Ze7TPBCYxDW6LxM8MToH1tZOu-Q!3e3!3m6!1s0x31da1baad36883bd:0x5b5f9b3d0727b7cd!8m2!3d1.3070833!4d103.7880149!15sCgEqWgMiASqSAQtjb2ZmZWVfc2hvcOABAA!16s%2Fg%2F11h_vtk32s?entry=ttu",1.3070833,103.7880149,Singapore
Dewgather,5,372,"1 Vista Exchange Green, #01-46 The Star Vista, Singapore 138617",Coffee is at best average but the ambience is terrific ,False,True,True,Restaurant,Open,"https://www.google.com/maps/place/Dewgather/@1.306986,103.7694885,15z/data=!3m2!4b1!5s0x31da1a42c010aa5b:0xe8c76feaf1db15ac!4m11!1m3!11m2!2sdn7Ze7TPBCYxDW6LxM8MToH1tZOu-Q!3e3!3m6!1s0x31da1b49d197082f:0xf1a240b44d477a52!8m2!3d1.3069646!4d103.7879424!15sCgEqWgMiASqSAQpyZXN0YXVyYW504AEA!16s%2Fg%2F11rws8rqyj?entry=ttu",1.3069646,103.7879424,Singapore
Xin Mei Xiang Zheng Zong Lor Mee Êñ∞ÁæéÈ¶ôÊ≠£ÂÆóÂç§Èù¢ Holland,6,111,"43 Holland Dr, # 01-75, Singapore 270043",,True,True,True,Hawker Stall,Open,"https://www.google.com/maps/place/Xin+Mei+Xiang+Zheng+Zong+Lor+Mee+%E6%96%B0%E7%BE%8E%E9%A6%99%E6%AD%A3%E5%AE%97%E5%8D%A4%E9%9D%A2+Holland/@1.3077261,103.7741371,15z/data=!3m2!4b1!5s0x31da1a410134bafb:0x5d7a3f7df15ca2c3!4m11!1m3!11m2!2sdn7Ze7TPBCYxDW6LxM8MToH1tZOu-Q!3e3!3m6!1s0x31da1be7b3b6b797:0xd328ae888e506a38!8m2!3d1.3077047!4d103.792591!15sCgEqWgMiASqSAQxoYXdrZXJfc3RhbGzgAQA!16s%2Fg%2F11sfshhlc7?entry=ttu",1.3077047,103.792591,Singapore
Monument Lifestyle at Duxton Road,8,227,"75 Duxton Rd, Singapore 089534","I enjoyed their Picolo ( Latte with two shots ) and cream cheese bagel
-----

Total Damage : 12.50
Rating : 4 / 5",False,True,False,Cafe,Open,"https://www.google.com/maps/place/Monument+Lifestyle+at+Duxton+Road/@1.2783205,103.8246285,15z/data=!3m2!4b1!5s0x31da196d1421910d:0x93e2f1813387ea1!4m11!1m3!11m2!2sdn7Ze7TPBCYxDW6LxM8MToH1tZOu-Q!3e3!3m6!1s0x31da196d1418fc77:0x6edff17ec4173f64!8m2!3d1.2782991!4d103.8430824!15sCgEqWgMiASqSAQRjYWZl4AEA!16s%2Fg%2F11g6qxtmc2?entry=ttu",1.2782991,103.8430824,Singapore
Aisyah Restaurant Ë•øÂåóÈ¶ô,8,375,"SG, Telok Ayer St, #176, 068624",Lamb noodles were fantastic . They have a second floor with air conditioning which is the better option,True,True,True,Chinese restaurant,Open,"https://www.google.com/maps/place/Aisyah+Restaurant+%E8%A5%BF%E5%8C%97%E9%A6%99/@1.280654,103.829007,15z/data=!3m2!4b1!5s0x31da190d7393fcd1:0xffbc36233bede766!4m11!1m3!11m2!2sdn7Ze7TPBCYxDW6LxM8MToH1tZOu-Q!3e3!3m6!1s0x31da190d7438d611:0xcdf6f8f37e6c736b!8m2!3d1.2806326!4d103.8474609!15sCgEqWgMiASqSARJjaGluZXNlX3Jlc3RhdXJhbnTgAQA!16s%2Fg%2F11fwszvlny?entry=ttu",1.2806326,103.8474609,Singapore
